Ward_id,Wing,Department,Beds_available
W-01,East Wing,Cardiology,3
W-02,West Wing,Paediatrics,N/A
W-03,East Wing,Cardiology,0
W-04,North Wing,Oncology,-1
W-05,East Wing,Paediatrics,5
W-05,East Wing,Paediatrics,five
W-06,South Wing,Radiology,2
W-07,West Wing,Cardiology,TBD
W-08,,Oncology,4
W-09,North Wing,Icu,N/A
W-10,South  Wing,Maternity,1
W-11,East Wing,Pediatrics,3
W-12,West Wing,Cardiology,full
W-13,North Wing,Oncology,2023
W-14,South Wing,Radiology,-2
W-15,East Wing,Icu,unknown
W-16,West Wing,Maternity,0
W-17,North Wing,Oncology,6
